{"assets":{"D0E60AF479598545BBAE790C2BC1E92A":{"type":"texture","index":3,"assetRequest":{"type":"slide","state":"contents","slide":"none"},"url":{"native":"assets\/A2BD04D1-50DF-4AE5-BC34-11D15F2CC181.pdf"},"width":1477,"height":432},"5C85A8B9E49B28859D8726AE834FA7BB":{"type":"texture","index":4,"assetRequest":{"type":"slide","state":"contents","slide":"none"},"url":{"native":"assets\/A2BD04D1-50DF-4AE5-BC34-11D15F2CC181.pdf"},"width":1004,"height":51},"AEAF717F06199EBCB8E8FF7BF1085B71":{"type":"texture","index":1,"assetRequest":{"type":"slide","state":"contents","slide":"none"},"url":{"native":"assets\/A2BD04D1-50DF-4AE5-BC34-11D15F2CC181.pdf"},"width":76,"height":33},"5BA6DF7ACEF516F7DAB78587CF30CE20":{"type":"texture","index":0,"assetRequest":{"type":"slide","state":"contents","slide":"none"},"url":{"native":"assets\/A2BD04D1-50DF-4AE5-BC34-11D15F2CC181.pdf"},"width":1920,"height":1080},"D3D65BF7A0D00273B309EA54DB22773D":{"type":"texture","index":2,"assetRequest":{"type":"slide","state":"contents","slide":"none"},"url":{"native":"assets\/A2BD04D1-50DF-4AE5-BC34-11D15F2CC181.pdf"},"width":321,"height":398},"36E26F3F11F0ADFB117BC84783731582":{"type":"texture","index":6,"assetRequest":{"type":"slide","state":"contents","slide":"none"},"url":{"native":"assets\/A2BD04D1-50DF-4AE5-BC34-11D15F2CC181.pdf"},"width":1920,"height":1080},"371AAFA155125FBA53A2ED648BC83424":{"type":"texture","index":5,"assetRequest":{"type":"slide","state":"contents","slide":"none"},"url":{"native":"assets\/A2BD04D1-50DF-4AE5-BC34-11D15F2CC181.pdf"},"width":1920,"height":1080}},"events":[{"effects":[{"beginTime":0,"baseLayer":{"animations":[],"initialState":{"affineTransform":[1,0,0,1,0,0],"masksToBounds":false,"rotation":0,"scale":1,"position":{"pointX":239.3671875,"pointY":720.75},"width":321,"sublayerTransform":[1,0,0,0,0,1,0,0,0,0,1,0,0,0,0,1],"contentsRect":{"y":0,"x":0,"width":1,"height":1},"opacity":1,"edgeAntialiasingMask":251658240,"height":398,"hidden":false,"anchorPoint":{"pointX":0.5,"pointY":0.5}},"objectID":"6ABA7B23-D6B3-43FD-B8D0-BECC1C61AEDE","layers":[{"animations":[{"additive":false,"timeOffset":0,"beginTime":1e-100,"repeatCount":0,"fillMode":"both","duration":1,"autoreverses":false,"animations":[{"additive":false,"timeOffset":0,"beginTime":0,"from":{"pointX":0.50102219923263025,"pointY":1},"repeatCount":0,"fillMode":"removed","duration":1,"autoreverses":false,"property":"anchorPoint","to":{"pointX":0.50102219923263025,"pointY":1},"removedOnCompletion":true},{"repeatCount":0,"removedOnCompletion":true,"timingFunctions":[{"timingFunction":"Linear"},{"timingFunction":"Linear"},{"timingFunction":"EaseOut"},{"timingFunction":"Linear"},{"timingFunction":"Linear"},{"timingFunction":"Linear"},{"timingFunction":"EaseOut"},{"timingFunction":"Linear"},{"timingFunction":"Linear"},{"timingFunction":"Linear"},{"timingFunction":"EaseOut"},{"timingFunction":"Linear"}],"keyTimes":[0,0.099999999999999992,0.23333333333333331,0.28333333333333333,0.33333333333333331,0.43333333333333329,0.56666666666666665,0.6166666666666667,0.66666666666666663,0.76666666666666661,0.89999999999999991,0.94999999999999996,1],"additive":false,"values":[{"scalar":1},{"scalar":1},{"scalar":1},{"scalar":0.90000000000000002},{"scalar":1},{"scalar":1},{"scalar":1},{"scalar":0.93333333333333335},{"scalar":1},{"scalar":1},{"scalar":1},{"scalar":0.96666666666666667},{"scalar":1}],"timeOffset":0,"autoreverses":false,"property":"transform.scale.y","fillMode":"forwards","duration":1,"beginTime":0},{"repeatCount":0,"removedOnCompletion":true,"timingFunctions":[{"timingFunction":"EaseOut"},{"timingFunction":"EaseIn"},{"timingFunction":"EaseOut"},{"timingFunction":"EaseIn"},{"timingFunction":"EaseOut"},{"timingFunction":"EaseIn"},{"timingFunction":"EaseOut"},{"timingFunction":"EaseIn"},{"timingFunction":"EaseOut"},{"timingFunction":"EaseIn"},{"timingFunction":"EaseOut"},{"timingFunction":"EaseIn"}],"keyTimes":[0,0.099999999999999992,0.23333333333333331,0.28333333333333333,0.33333333333333331,0.43333333333333329,0.56666666666666665,0.6166666666666667,0.66666666666666663,0.76666666666666661,0.89999999999999991,0.94999999999999996,1],"additive":false,"values":[{"scalar":199.07812237739563},{"scalar":37.07812237739563},{"scalar":199.07812237739563},{"scalar":199.07812237739563},{"scalar":199.07812237739563},{"scalar":91.07812237739563},{"scalar":199.07812237739563},{"scalar":199.07812237739563},{"scalar":199.07812237739563},{"scalar":145.07812237739563},{"scalar":199.07812237739563},{"scalar":199.07812237739563},{"scalar":199.07812237739563}],"timeOffset":0,"autoreverses":false,"property":"transform.translation.y","fillMode":"forwards","duration":1,"beginTime":0},{"repeatCount":0,"removedOnCompletion":true,"timingFunctions":[{"timingFunction":"Linear"},{"timingFunction":"Linear"},{"timingFunction":"EaseOut"},{"timingFunction":"Linear"},{"timingFunction":"Linear"},{"timingFunction":"Linear"},{"timingFunction":"EaseOut"},{"timingFunction":"Linear"},{"timingFunction":"Linear"},{"timingFunction":"Linear"},{"timingFunction":"EaseOut"},{"timingFunction":"Linear"}],"keyTimes":[0,0.099999999999999992,0.23333333333333331,0.28333333333333333,0.33333333333333331,0.43333333333333329,0.56666666666666665,0.6166666666666667,0.66666666666666663,0.76666666666666661,0.89999999999999991,0.94999999999999996,1],"additive":false,"values":[{"scalar":1},{"scalar":1},{"scalar":1},{"scalar":1.1000000000000001},{"scalar":1},{"scalar":1},{"scalar":1},{"scalar":1.0666666666666667},{"scalar":1},{"scalar":1},{"scalar":1},{"scalar":1.0333333333333332},{"scalar":1}],"timeOffset":0,"autoreverses":false,"property":"transform.scale.x","fillMode":"forwards","duration":1,"beginTime":0}],"removedOnCompletion":false}],"layers":[],"texturedRectangle":{"isBackgroundTexture":true,"singleTextureOpacity":1,"textureType":5,"textBaseline":0,"textXHeight":0,"isVerticalText":false},"initialState":{"affineTransform":[1,0,0,1,0,0],"masksToBounds":false,"rotation":0,"scale":1,"position":{"pointX":158.96093845367432,"pointY":197.17187762260437},"width":321,"sublayerTransform":[1,0,0,0,0,1,0,0,0,0,1,0,0,0,0,1],"contentsRect":{"y":0,"x":0,"width":1,"height":1},"opacity":1,"edgeAntialiasingMask":0,"height":398,"hidden":false,"anchorPoint":{"pointX":0.50102219923263025,"pointY":0.49980371261960899}},"texture":"D3D65BF7A0D00273B309EA54DB22773D"}]},"effects":[],"duration":1,"type":"actionBuild","attributes":{"direction":0},"name":"apple:action-bounce","objectID":"6ABA7B23-D6B3-43FD-B8D0-BECC1C61AEDE"},{"beginTime":0,"baseLayer":{"animations":[],"initialState":{"affineTransform":[1,0,0,1,0,0],"masksToBounds":false,"rotation":0,"scale":1,"position":{"pointX":1114.3790016174316,"pointY":773.46874856948853},"width":1004,"sublayerTransform":[1,0,0,0,0,1,0,0,0,0,1,0,0,0,0,1],"contentsRect":{"y":0,"x":0,"width":1,"height":1},"opacity":1,"edgeAntialiasingMask":251658240,"height":51,"hidden":false,"anchorPoint":{"pointX":0.5,"pointY":0.5}},"objectID":"26EA5437-F7CA-40D6-BBF4-A31F20C41B49","layers":[{"animations":[],"initialState":{"affineTransform":[1,0,0,1,0,0],"masksToBounds":false,"rotation":0,"scale":1,"position":{"pointX":347.62099838256836,"pointY":-207.96874856948853},"width":1004,"sublayerTransform":[1,0,0,0,0,1,0,0,0,0,1,-0.00035007912466775983,0,0,0,1],"contentsRect":{"y":0,"x":0,"width":1,"height":1},"opacity":1,"edgeAntialiasingMask":251658240,"height":51,"hidden":false,"anchorPoint":{"pointX":0.34623605416590475,"pointY":-4.077818599401736}},"layers":[{"animations":[{"additive":false,"timeOffset":0,"beginTime":1e-100,"repeatCount":0,"fillMode":"both","duration":1,"autoreverses":false,"animations":[{"repeatCount":0,"removedOnCompletion":true,"from":{"scalar":0},"timingFunction":"EaseInEaseOut","additive":false,"timeOffset":0,"autoreverses":false,"property":"opacity","fillMode":"both","duration":1,"beginTime":0,"to":{"scalar":1}},{"additive":false,"timeOffset":0,"beginTime":0,"from":{"scalar":false},"repeatCount":0,"fillMode":"forwards","duration":1,"autoreverses":false,"property":"hidden","to":{"scalar":false},"removedOnCompletion":true}],"removedOnCompletion":false}],"layers":[],"texturedRectangle":{"singleTextureOpacity":1,"textXHeight":0.52300000000000002,"textBaseline":0.7669945592973747,"isBackgroundTexture":true,"isVerticalText":false,"textColor":[0.99990898370742798,1,0.99987810850143433,1],"textureType":6},"initialState":{"affineTransform":[1,0,0,1,0,0],"masksToBounds":false,"rotation":0,"scale":1,"position":{"pointX":505.62099838256836,"pointY":41.531251430511475},"width":1004,"sublayerTransform":[1,0,0,0,0,1,0,0,0,0,1,0,0,0,0,1],"contentsRect":{"y":0,"x":0,"width":1,"height":1},"opacity":1,"edgeAntialiasingMask":0,"height":51,"hidden":true,"anchorPoint":{"pointX":0.5,"pointY":0.5}},"texture":"5C85A8B9E49B28859D8726AE834FA7BB"}]}]},"effects":[],"duration":1,"type":"buildIn","attributes":{"direction":0},"name":"apple:dissolve character","objectID":"26EA5437-F7CA-40D6-BBF4-A31F20C41B49"}],"automaticPlay":true,"hyperlinks":[],"accessibility":[{"text":"dialogueBox.png","targetRectangle":{"y":569.875,"x":380.54690551757812,"width":1474.40625,"height":428.1875}},{"text":"You.png","targetRectangle":{"y":521.75,"x":78.8671875,"width":317.9375,"height":394.34375524520874}},{"text":"You","targetRectangle":{"y":921.42504918575287,"x":176.82504642009735,"width":74.177999999999997,"height":49}}],"baseLayer":{"animations":[],"initialState":{"affineTransform":[1,0,0,1,0,0],"masksToBounds":false,"rotation":0,"scale":1,"position":{"pointX":960,"pointY":540},"width":1920,"sublayerTransform":[1,0,0,0,0,1,0,0,0,0,1,0,0,0,0,1],"contentsRect":{"y":0,"x":0,"width":1,"height":1},"opacity":1,"edgeAntialiasingMask":251658240,"height":1080,"hidden":false,"anchorPoint":{"pointX":0.5,"pointY":0.5}},"layers":[{"animations":[],"initialState":{"affineTransform":[1,0,0,1,0,0],"masksToBounds":false,"rotation":0,"scale":1,"position":{"pointX":960,"pointY":540},"width":1920,"sublayerTransform":[1,0,0,0,0,1,0,0,0,0,1,0,0,0,0,1],"contentsRect":{"y":0,"x":0,"width":1,"height":1},"opacity":1,"edgeAntialiasingMask":251658240,"height":1080,"hidden":false,"anchorPoint":{"pointX":0.5,"pointY":0.5}},"layers":[{"animations":[],"initialState":{"affineTransform":[1,0,0,1,0,0],"masksToBounds":false,"rotation":0,"scale":1,"position":{"pointX":960,"pointY":540},"width":1920,"sublayerTransform":[1,0,0,0,0,1,0,0,0,0,1,0,0,0,0,1],"contentsRect":{"y":0,"x":0,"width":1,"height":1},"opacity":1,"edgeAntialiasingMask":251658240,"height":1080,"hidden":false,"anchorPoint":{"pointX":0.5,"pointY":0.5}},"layers":[{"animations":[],"layers":[],"texturedRectangle":{"isBackgroundTexture":true,"singleTextureOpacity":1,"textureType":1,"textBaseline":0,"textXHeight":0,"isVerticalText":false},"initialState":{"affineTransform":[1,0,0,1,0,0],"masksToBounds":false,"rotation":0,"scale":1,"position":{"pointX":960,"pointY":540},"width":1920,"sublayerTransform":[1,0,0,0,0,1,0,0,0,0,1,0,0,0,0,1],"contentsRect":{"y":0,"x":0,"width":1,"height":1},"opacity":1,"edgeAntialiasingMask":0,"height":1080,"hidden":false,"anchorPoint":{"pointX":0.5,"pointY":0.5}},"texture":"5BA6DF7ACEF516F7DAB78587CF30CE20"}]}]},{"animations":[],"initialState":{"affineTransform":[1,0,0,1,0,0],"masksToBounds":false,"rotation":0,"scale":1,"position":{"pointX":960,"pointY":540},"width":1920,"sublayerTransform":[1,0,0,0,0,1,0,0,0,0,1,0,0,0,0,1],"contentsRect":{"y":0,"x":0,"width":1,"height":1},"opacity":1,"edgeAntialiasingMask":251658240,"height":1080,"hidden":false,"anchorPoint":{"pointX":0.5,"pointY":0.5}},"layers":[{"animations":[],"initialState":{"affineTransform":[1,0,0,1,0,0],"masksToBounds":false,"rotation":0,"scale":1,"position":{"pointX":210.32504642009735,"pointY":933.92504918575287},"width":76,"sublayerTransform":[1,0,0,0,0,1,0,0,0,0,1,0,0,0,0,1],"contentsRect":{"y":0,"x":0,"width":1,"height":1},"opacity":1,"edgeAntialiasingMask":251658240,"height":33,"hidden":false,"anchorPoint":{"pointX":0.5,"pointY":0.5}},"layers":[{"animations":[],"layers":[],"texturedRectangle":{"singleTextureOpacity":1,"textXHeight":0.62518181818181817,"textBaseline":0.8968796748103518,"isBackgroundTexture":true,"isVerticalText":false,"textColor":[0.99990898370742798,1,0.99987810850143433,1],"textureType":6},"initialState":{"affineTransform":[1,0,0,1,0,0],"masksToBounds":false,"rotation":0,"scale":1,"position":{"pointX":41.674953579902649,"pointY":30.074950814247131},"width":76,"sublayerTransform":[1,0,0,0,0,1,0,0,0,0,1,0,0,0,0,1],"contentsRect":{"y":0,"x":0,"width":1,"height":1},"opacity":1,"edgeAntialiasingMask":0,"height":33,"hidden":false,"anchorPoint":{"pointX":0.5,"pointY":0.5}},"texture":"AEAF717F06199EBCB8E8FF7BF1085B71"}]}]},{"animations":[],"initialState":{"affineTransform":[1,0,0,1,0,0],"masksToBounds":false,"rotation":0,"scale":1,"position":{"pointX":960,"pointY":540},"width":1920,"sublayerTransform":[1,0,0,0,0,1,0,0,0,0,1,0,0,0,0,1],"contentsRect":{"y":0,"x":0,"width":1,"height":1},"opacity":1,"edgeAntialiasingMask":251658240,"height":1080,"hidden":false,"anchorPoint":{"pointX":0.5,"pointY":0.5}},"layers":[{"animations":[],"initialState":{"affineTransform":[1,0,0,1,0,0],"masksToBounds":false,"rotation":0,"scale":1,"position":{"pointX":239.3671875,"pointY":720.75},"width":321,"sublayerTransform":[1,0,0,0,0,1,0,0,0,0,1,0,0,0,0,1],"contentsRect":{"y":0,"x":0,"width":1,"height":1},"opacity":1,"edgeAntialiasingMask":251658240,"height":398,"hidden":false,"anchorPoint":{"pointX":0.5,"pointY":0.5}},"objectID":"6ABA7B23-D6B3-43FD-B8D0-BECC1C61AEDE","layers":[{"animations":[],"layers":[],"texturedRectangle":{"isBackgroundTexture":true,"singleTextureOpacity":1,"textureType":5,"textBaseline":0,"textXHeight":0,"isVerticalText":false},"initialState":{"affineTransform":[1,0,0,1,0,0],"masksToBounds":false,"rotation":0,"scale":1,"position":{"pointX":158.96093845367432,"pointY":197.17187762260437},"width":321,"sublayerTransform":[1,0,0,0,0,1,0,0,0,0,1,0,0,0,0,1],"contentsRect":{"y":0,"x":0,"width":1,"height":1},"opacity":1,"edgeAntialiasingMask":0,"height":398,"hidden":false,"anchorPoint":{"pointX":0.50102219923263025,"pointY":0.49980371261960899}},"texture":"D3D65BF7A0D00273B309EA54DB22773D"}]}]},{"animations":[],"initialState":{"affineTransform":[1,0,0,1,0,0],"masksToBounds":false,"rotation":0,"scale":1,"position":{"pointX":960,"pointY":540},"width":1920,"sublayerTransform":[1,0,0,0,0,1,0,0,0,0,1,0,0,0,0,1],"contentsRect":{"y":0,"x":0,"width":1,"height":1},"opacity":1,"edgeAntialiasingMask":251658240,"height":1080,"hidden":false,"anchorPoint":{"pointX":0.5,"pointY":0.5}},"layers":[{"animations":[],"initialState":{"affineTransform":[1,0,0,1,0,0],"masksToBounds":false,"rotation":0,"scale":1,"position":{"pointX":1119.0469055175781,"pointY":785.875},"width":1477,"sublayerTransform":[1,0,0,0,0,1,0,0,0,0,1,0,0,0,0,1],"contentsRect":{"y":0,"x":0,"width":1,"height":1},"opacity":1,"edgeAntialiasingMask":251658240,"height":432,"hidden":false,"anchorPoint":{"pointX":0.5,"pointY":0.5}},"layers":[{"animations":[],"layers":[],"texturedRectangle":{"isBackgroundTexture":true,"singleTextureOpacity":1,"textureType":5,"textBaseline":0,"textXHeight":0,"isVerticalText":false},"initialState":{"affineTransform":[1,0,0,1,0,0],"masksToBounds":false,"rotation":0,"scale":1,"position":{"pointX":736.95309448242188,"pointY":214.125},"width":1477,"sublayerTransform":[1,0,0,0,0,1,0,0,0,0,1,0,0,0,0,1],"contentsRect":{"y":0,"x":0,"width":1,"height":1},"opacity":1,"edgeAntialiasingMask":0,"height":432,"hidden":false,"anchorPoint":{"pointX":0.5,"pointY":0.5}},"texture":"D0E60AF479598545BBAE790C2BC1E92A"}]}]},{"animations":[],"initialState":{"affineTransform":[1,0,0,1,0,0],"masksToBounds":false,"rotation":0,"scale":1,"position":{"pointX":960,"pointY":540},"width":1920,"sublayerTransform":[1,0,0,0,0,1,0,0,0,0,1,0,0,0,0,1],"contentsRect":{"y":0,"x":0,"width":1,"height":1},"opacity":1,"edgeAntialiasingMask":251658240,"height":1080,"hidden":false,"anchorPoint":{"pointX":0.5,"pointY":0.5}},"layers":[{"animations":[],"initialState":{"affineTransform":[1,0,0,1,0,0],"masksToBounds":false,"rotation":0,"scale":1,"position":{"pointX":1114.3790016174316,"pointY":773.46874856948853},"width":1004,"sublayerTransform":[1,0,0,0,0,1,0,0,0,0,1,0,0,0,0,1],"contentsRect":{"y":0,"x":0,"width":1,"height":1},"opacity":1,"edgeAntialiasingMask":251658240,"height":51,"hidden":false,"anchorPoint":{"pointX":0.5,"pointY":0.5}},"objectID":"26EA5437-F7CA-40D6-BBF4-A31F20C41B49","layers":[{"animations":[],"layers":[],"texturedRectangle":{"singleTextureOpacity":1,"textXHeight":0.52300000000000002,"textBaseline":0.7669945592973747,"isBackgroundTexture":true,"isVerticalText":false,"textColor":[0.99990898370742798,1,0.99987810850143433,1],"textureType":6},"initialState":{"affineTransform":[1,0,0,1,0,0],"masksToBounds":false,"rotation":0,"scale":1,"position":{"pointX":505.62099838256836,"pointY":41.531251430511475},"width":1004,"sublayerTransform":[1,0,0,0,0,1,0,0,0,0,1,0,0,0,0,1],"contentsRect":{"y":0,"x":0,"width":1,"height":1},"opacity":1,"edgeAntialiasingMask":0,"height":51,"hidden":true,"anchorPoint":{"pointX":0.5,"pointY":0.5}},"texture":"5C85A8B9E49B28859D8726AE834FA7BB"}]}]}]}},{"effects":[{"beginTime":0,"baseLayer":{"animations":[],"initialState":{"affineTransform":[1,0,0,1,0,0],"masksToBounds":false,"rotation":0,"scale":1,"position":{"pointX":960,"pointY":540},"width":1920,"sublayerTransform":[1,0,0,0,0,1,0,0,0,0,1,0,0,0,0,1],"contentsRect":{"y":0,"x":0,"width":1,"height":1},"opacity":1,"edgeAntialiasingMask":251658240,"height":1080,"hidden":false,"anchorPoint":{"pointX":0.5,"pointY":0.5}},"objectID":"0","layers":[{"animations":[],"initialState":{"affineTransform":[1,0,0,1,0,0],"masksToBounds":false,"rotation":0,"scale":1,"position":{"pointX":960,"pointY":540},"width":1920,"sublayerTransform":[1,0,0,0,0,1,0,0,0,0,1,-0.00035007912466775983,0,0,0,1],"contentsRect":{"y":0,"x":0,"width":1,"height":1},"opacity":1,"edgeAntialiasingMask":251658240,"height":1080,"hidden":false,"anchorPoint":{"pointX":0.5,"pointY":0.5}},"layers":[{"animations":[],"layers":[],"texturedRectangle":{"isBackgroundTexture":false,"singleTextureOpacity":1,"textureType":0,"textBaseline":0,"textXHeight":0,"isVerticalText":false},"initialState":{"affineTransform":[1,0,0,1,0,0],"masksToBounds":false,"rotation":0,"scale":1,"position":{"pointX":960,"pointY":540},"width":1920,"sublayerTransform":[1,0,0,0,0,1,0,0,0,0,1,0,0,0,0,1],"contentsRect":{"y":0,"x":0,"width":1,"height":1},"opacity":1,"edgeAntialiasingMask":0,"height":1080,"hidden":false,"anchorPoint":{"pointX":0.5,"pointY":0.5}},"texture":"36E26F3F11F0ADFB117BC84783731582"},{"animations":[{"additive":false,"timeOffset":0,"beginTime":0,"from":{"scalar":false},"repeatCount":0,"fillMode":"both","duration":0.01,"autoreverses":false,"property":"hidden","to":{"scalar":true},"removedOnCompletion":false}],"layers":[],"texturedRectangle":{"isBackgroundTexture":false,"singleTextureOpacity":1,"textureType":0,"textBaseline":0,"textXHeight":0,"isVerticalText":false},"initialState":{"affineTransform":[1,0,0,1,0,0],"masksToBounds":false,"rotation":0,"scale":1,"position":{"pointX":960,"pointY":540},"width":1920,"sublayerTransform":[1,0,0,0,0,1,0,0,0,0,1,0,0,0,0,1],"contentsRect":{"y":0,"x":0,"width":1,"height":1},"opacity":1,"edgeAntialiasingMask":0,"height":1080,"hidden":false,"anchorPoint":{"pointX":0.5,"pointY":0.5}},"texture":"371AAFA155125FBA53A2ED648BC83424"}]}]},"effects":[],"duration":0.01,"type":"transition","attributes":{"direction":0},"name":"none","objectID":"0"}],"automaticPlay":false,"hyperlinks":[],"accessibility":[{"text":"Just tell me what’s happening please!","targetRectangle":{"y":751.96874856948853,"x":616.87900161743164,"width":1001.7419999999997,"height":64}},{"text":"dialogueBox.png","targetRectangle":{"y":569.875,"x":380.54690551757812,"width":1474.40625,"height":428.1875}},{"text":"You.png","targetRectangle":{"y":521.75,"x":78.8671875,"width":317.9375,"height":394.34375524520874}},{"text":"You","targetRectangle":{"y":921.42504918575287,"x":176.82504642009735,"width":74.177999999999997,"height":49}}],"baseLayer":{"animations":[],"initialState":{"affineTransform":[1,0,0,1,0,0],"masksToBounds":false,"rotation":0,"scale":1,"position":{"pointX":960,"pointY":540},"width":1920,"sublayerTransform":[1,0,0,0,0,1,0,0,0,0,1,0,0,0,0,1],"contentsRect":{"y":0,"x":0,"width":1,"height":1},"opacity":1,"edgeAntialiasingMask":251658240,"height":1080,"hidden":false,"anchorPoint":{"pointX":0.5,"pointY":0.5}},"objectID":"0","layers":[{"animations":[],"initialState":{"affineTransform":[1,0,0,1,0,0],"masksToBounds":false,"rotation":0,"scale":1,"position":{"pointX":960,"pointY":540},"width":1920,"sublayerTransform":[1,0,0,0,0,1,0,0,0,0,1,-0.00035007912466775983,0,0,0,1],"contentsRect":{"y":0,"x":0,"width":1,"height":1},"opacity":1,"edgeAntialiasingMask":251658240,"height":1080,"hidden":false,"anchorPoint":{"pointX":0.5,"pointY":0.5}},"layers":[{"animations":[],"layers":[],"texturedRectangle":{"isBackgroundTexture":false,"singleTextureOpacity":1,"textureType":0,"textBaseline":0,"textXHeight":0,"isVerticalText":false},"initialState":{"affineTransform":[1,0,0,1,0,0],"masksToBounds":false,"rotation":0,"scale":1,"position":{"pointX":960,"pointY":540},"width":1920,"sublayerTransform":[1,0,0,0,0,1,0,0,0,0,1,0,0,0,0,1],"contentsRect":{"y":0,"x":0,"width":1,"height":1},"opacity":1,"edgeAntialiasingMask":0,"height":1080,"hidden":false,"anchorPoint":{"pointX":0.5,"pointY":0.5}},"texture":"371AAFA155125FBA53A2ED648BC83424"}]}]}}]}